{"cameraMode":{"drawMode":0,"name":"Shaded","section":"Shading Mode"},"sceneLighting":true,"audioPlay":false,"sceneViewState":{"m_AlwaysRefresh":false,"showFog":true,"showSkybox":true,"showFlares":true,"showImageEffects":true,"showParticleSystems":true,"showVisualEffectGraphs":true,"m_FxEnabled":true},"in2DMode":false,"pivot":{"x":34.00388717651367,"y":17.387958526611329,"z":-37.708377838134769},"rotation":{"x":0.7785908579826355,"y":0.0015288809081539512,"z":-0.001867273123934865,"w":0.6274260878562927},"size":11.3141508102417,"orthographic":false}